9.101790620282109723e-01,2.140054189619784442e+00,1.269733784520205688e+02
2.288163116177601708e-01,9.112756098050830422e-01,5.094795331635908298e+01
2.810737218132042803e-01,1.038407984314113769e-01,1.081660389618666329e+01
3.675100545350992384e-04,-8.807747237974721255e-01,-4.488948016267009677e+01
-6.955738758989049586e-01,2.556804160852731211e+00,1.166619977428805868e+02
-4.229153969153055109e-02,5.697041667907394302e-01,2.820908335586318572e+01
4.362981982599347108e-01,1.759830636283180871e-01,1.754432537293617500e+01
-3.569486315149736910e-01,1.374817576469666291e-01,-6.429526201678470443e-03
1.463475380166443740e+00,-1.441930521995644920e-01,2.140881260831592670e+01
-5.253129207350317742e-01,-5.928691128920523523e-01,-4.054395671918158683e+01
3.351614890165584004e-01,8.631490682182949570e-01,5.058454739174815273e+01
9.713641363359399872e-01,5.337436896606851944e-01,4.629549536546484489e+01
1.388464575286378622e-01,8.281261997200425329e-01,4.494147863656533559e+01
-3.251217077693382973e-01,-2.908634150410122077e-01,-2.121550623169417449e+01
-7.059978155150657964e-01,-2.539582215282760735e-01,-2.681893757915113241e+01
-1.026704405583070745e+00,-5.571902043975285324e-01,-4.857815848112538504e+01
-4.348502779610951552e-01,-1.086365973001343965e+00,-6.392182499193025791e+01
-9.329204545325865683e-02,-7.997126861682369858e-01,-4.259793022079733049e+01
8.838003960936866577e-01,-1.759563065496533019e-01,8.398448930005903534e+00
1.228054377762304084e+00,2.276502265826869098e-01,3.573690509011805716e+01
1.099751893921451645e-01,-4.171850764332816208e-01,-1.910450018107690795e+01
5.141631226574887303e-02,-7.620831903397469187e-01,-3.783611969750366910e+01
1.148915920044556865e-01,7.083530830186989258e-01,3.836541152306283209e+01
8.606709349525834551e-02,-1.253772818971548464e+00,-6.221863132133548646e+01
1.429182114398262149e+00,2.779251891931041052e-01,4.225201069919715025e+01
-3.668050291055632850e-01,-6.982138282870297141e-01,-4.279895223213178213e+01
-1.047701158773349794e+00,-1.397198252053675691e-02,-2.130070611292061145e+01
1.193235908763857323e+00,1.471561414994076333e+00,9.845994128832380454e+01
1.117577652802827920e-01,1.653658227424164906e+00,8.648991083110512079e+01
1.175559351319150903e+00,7.170907394301446747e-01,5.965411072303346174e+01
3.964832333178697210e-01,1.054282335581623986e+00,6.153243509129143973e+01
-9.954879699343793797e-01,-4.863016545553134479e-02,-2.204132850366777419e+01
5.752807540680173748e-01,-5.855998888968344529e-01,-1.854552075565003122e+01
4.584670004323360692e-01,-1.818316314322457439e+00,-8.367765631460149223e+01
-1.132398967342166163e+00,-3.496486569625939511e-01,-4.007593018687704500e+01
7.993954900632074256e-01,-1.675143674557438400e+00,-6.967993408249019183e+01
1.522566238580312481e+00,-2.260590034661678072e+00,-8.531142543450221183e+01
-4.192669054072304530e-02,-1.491729011461049081e+00,-7.686345563928178137e+01
1.027998178720576083e+00,1.222532121700879326e+00,8.251879048428932606e+01
-3.811914839051558368e-01,5.433624102477864204e-01,2.020657386649473608e+01
1.353543251203578324e+00,-6.780134562341637583e-01,-7.962493046931417240e+00
8.564122084736895957e-01,-3.255151701516996177e-01,2.366114537285710639e-01
-1.192244984582133238e+00,2.066341717409336365e+00,8.190097278239461787e+01
1.044978360436903397e+00,1.955224901755092892e+00,1.202008277844570898e+02
1.358721705697444326e+00,-9.874780513829799489e-01,-2.363541101584258186e+01
-9.986444921595145630e-01,-1.874755164478256464e-01,-2.918087501328910349e+01
-1.569036193319038208e+00,-2.442213394473137900e+00,-1.553229509097105847e+02
-1.549518278256894144e+00,-1.042304514394842618e+00,-8.358030161579686990e+01
-1.548049063137681314e+00,-2.312419679350492252e-01,-4.220824351377083872e+01
8.615562605937765461e-01,-1.699704465721940394e-01,8.266450694239823704e+00
-3.241278386578504422e-01,1.074807497580255511e+00,4.841787518448657579e+01
-5.240419235845642509e-01,1.454379913685637904e+00,6.383770406216397930e+01
-7.384363414726813346e-01,2.551854255862667231e-01,-1.503249721848936460e+00
8.167911044683466848e-01,2.545308662878121297e-01,2.902533938695405880e+01
-8.515816518089210918e-01,-6.173892134786350683e-01,-4.820539149636138632e+01
-1.136335472721267670e-01,-1.048504157900617795e+00,-5.567958571973110082e+01
-2.169336928319081093e+00,9.252577563561578122e-01,4.534293608800624042e+00
2.081364520853290045e+00,5.428090993411339715e-01,6.857034262663373170e+01
2.264797520279041021e-01,5.899774596448321695e-01,3.452415207441880796e+01
2.658829041282525507e-01,1.217145400133550881e+00,6.726779164335297878e+01
1.198051285909569774e+00,2.863630682246748882e-01,3.814014533777995553e+01
-1.072231512213092985e+00,-9.930538900258806256e-01,-7.169057765607539068e+01
5.558894872865872694e-01,4.481264340043123462e-01,3.376669204046849870e+01
1.705816402288065525e+00,1.138858004511584809e+00,9.157346177715346869e+01
4.080386478523818083e-01,-1.563052879563902930e+00,-7.165680490702168015e+01
-8.780203751349028307e-01,-5.876686083630621171e-01,-4.720996070236648734e+01
1.820117108518600479e-01,-1.061724214666628141e+00,-5.054370705278996212e+01
1.321821876423998177e+00,4.324261195686783799e-01,4.801780868061373297e+01
-4.742420351434437076e-01,1.034113620310155079e+00,4.339362979991804536e+01
-4.488210787459859796e-01,2.447617191424185656e-01,3.656674258509339026e+00
4.978875851941005348e-01,4.086133834502084783e-01,3.061274760592224808e+01
1.019468615935801736e+00,3.324684931116230202e-01,3.698097931618686829e+01
-9.197336916820008090e-01,6.101060141187588659e-01,1.302581394997661945e+01
3.486847846806307438e-01,-1.247781431464586088e+00,-5.675249504446355786e+01
1.024876686552709915e+00,6.752381927847269649e-01,5.455963216949064076e+01
-7.713782330111453867e-01,-5.570411197335682907e-01,-4.355311483232279102e+01
-6.689624376892315816e-01,2.589085158593531499e-01,5.177119839707167159e-02
7.715747466889681938e-01,1.986284483513169885e+00,1.164113760450789812e+02
-2.826292969659523480e-01,6.764309791805036554e-01,2.892648185625576929e+01
2.331670104949190581e+00,6.004046889875497284e-02,4.888042840045512349e+01
-8.757968829714734005e-01,-4.532908889206728742e-01,-4.031648278867239554e+01
1.499644964553918269e+00,1.300780102152594653e+00,9.577579677685882587e+01
-2.081347322684139745e-01,1.263998775650906792e+00,6.034112498934142366e+01
1.085236268910482416e+00,-3.225971144841077165e-01,4.882004842421793001e+00
-4.070846597932608474e-02,-4.191153025758192485e-01,-2.216399369412721043e+01
-4.686302506947200297e-01,-1.036645899389076142e+00,-6.205120295842166200e+01
-7.961144763707795891e-01,2.751097264095636596e-01,-1.621066054418214719e+00
-4.381445354755453825e-01,6.375997211628851025e-01,2.389104531628046857e+01
-2.862000121222034177e-01,4.452032586314135787e-01,1.706968750352993425e+01
-6.601620869708737516e-01,1.241959988405120716e-02,-1.233984366478697936e+01
6.659287833018812108e-01,1.289710513379426882e+00,7.882808116310012281e+01
-1.232315274224655477e+00,-1.532517780667812968e+00,-1.023350905332290637e+02
-1.963642733783031169e-01,-2.723726284063938130e-01,-1.774272769827714313e+01
-8.706077319989561358e-01,8.589156033087368414e-01,2.667403968567002082e+01
-8.960368020134941158e-01,3.471638882842925655e-01,8.824507289885374917e-02
1.296458916206721934e-01,8.706950101278059240e-01,4.693058420815893328e+01
-1.742686984772435999e+00,-6.020369648300794019e-01,-6.493403849597208932e+01
-6.962835003211035323e-01,9.847744880520071797e-01,3.651524920228870741e+01
-4.786152270378536966e-01,-1.306915427576290090e-01,-1.606720752348419978e+01
9.456061600569474201e-01,-1.193073277641577778e+00,-4.223362484688352936e+01
2.379982297303330441e+00,4.442648336286148525e-01,6.941530951685379591e+01
-3.017611016081344077e-01,-4.604021417257028737e-01,-2.939852889668906499e+01
1.138410756072528951e+00,1.110971595721643446e-01,2.803411976746660983e+01
6.297342375069546749e-01,8.938031828397118295e-01,5.793579661160429595e+01
-1.938431777652384058e+00,-4.802580388187933647e-01,-6.257307048575547270e+01
6.777913193457257846e-01,-9.067033534867867672e-01,-3.289903507990369036e+01
1.213111968113378181e+00,1.064434792689517295e-01,2.926486475536857057e+01
4.576449925388700324e-01,3.361808681195440629e-01,2.612975320549669078e+01
-1.633167157386042345e-01,1.098263283353165587e+00,5.277363084511510039e+01
1.888644893204944664e+00,-2.108784260572566627e+00,-7.037940811228551752e+01
-7.580733673918094162e-02,9.289422028881318960e-01,4.586229746650506200e+01
-5.945450899669899592e-01,6.413059869032045057e-01,2.100652347841936063e+01
2.205546331433863028e+00,2.382002529929059254e-01,5.548349083546951022e+01
-6.872567054720514212e-01,6.035692599463221564e-01,1.726104094849831938e+01
8.840811925568305973e-01,7.453925204872886567e-01,5.536889758696806041e+01
-1.193651718528708106e+00,1.069904694258071443e+00,3.108084469890000889e+01
9.463189246544551070e-01,1.850017917796477895e-01,2.802652332750172093e+01
-1.291107921109017065e+00,-7.449645787604497471e-02,-2.916910147919629992e+01
-1.406349798328288880e+00,1.684949002887010883e+00,5.825242249068367073e+01
-1.146045011859906593e+00,1.212164445948928693e+00,3.926793294712430793e+01
-3.697474116851291737e-02,6.638538253383676757e-01,3.311275884168667716e+01
-1.026828175937028576e+00,7.713434339107575477e-01,1.914022079889059214e+01
-1.731655087875699772e+00,2.553439614763211019e-01,-2.101302512716716464e+01
1.256765113044392868e+00,-3.625898080630267639e-01,6.214146315240590468e+00
-2.390562141009553165e-01,-1.838945055885241375e+00,-9.843629741011656620e+01
-7.422093865338087459e-01,3.252360104036077643e-02,-1.292738121145085017e+01
1.715971628142364924e+00,-8.009513248595464541e-01,-7.107018700869623729e+00
-5.641071827175012654e-01,1.265569226021090010e+00,5.342592143332363719e+01
-3.807218004289149582e-01,-2.072289709875634878e-01,-1.804491926502069532e+01
-3.274086313767477635e-02,1.079806632251783638e+00,5.439878080119873260e+01
5.133659999793760420e-01,-5.091901053935748989e-01,-1.586729452854257083e+01
8.871308956143105773e-01,-1.324249996939765861e+00,-5.006934473985377565e+01
-1.964326467329302162e+00,9.316427947991445802e-01,8.888449536097375869e+00
2.272178740306338429e-01,-2.073774333215485211e+00,-1.012437032402470294e+02
1.972387254721065020e+00,1.423536654825005021e+00,1.113231155298277884e+02
2.736450242646283559e+00,1.493443728891352906e+00,1.299012562529114518e+02
1.678218845486228350e+00,1.614364703331551965e-01,4.120795230767433281e+01
-8.622377689825898583e-01,-3.645454519069180055e-01,-3.552631195604006109e+01
-2.161624713488098370e-01,-7.320687938757552971e-01,-4.156438440885160190e+01
-6.102742378768910569e-01,-1.724511050164731385e+00,-9.989797491421283837e+01
1.314567212583040323e+00,-7.309517329385597506e-01,-1.142689690518424328e+01
1.856214329605994362e-02,2.992340223536070765e-01,1.561795292694131376e+01
3.510711815138390368e-01,3.303981971765679315e-01,2.374069243202455581e+01
-7.897872361415660958e-01,6.094294629168439670e-01,1.554492020836283395e+01
5.721722699487183927e-01,-4.951913709335984543e-03,1.099140418840469380e+01
5.465422100345220802e-01,2.901083251754137393e+00,1.586202829182834648e+02
1.174142980337752107e+00,1.822026529467997147e-01,3.236083664136731386e+01
3.687626501082066910e-01,8.848293603296570886e-01,5.234998115965649390e+01
4.576565088221017930e-01,-1.029568615956155897e+00,-4.348787637530799088e+01
-2.757053096852787877e-01,1.752723667585052825e+00,8.392560108919332151e+01
1.893669790139757836e-01,-7.592327595013501629e-01,-3.497993700912071091e+01
-1.810071487154173875e+00,1.491063435504747514e-01,-2.796936222996255594e+01
-1.191258355540603775e+00,-4.388329587697668149e-02,-2.564646760497231170e+01
5.333576342419713567e-01,5.959158652078445639e-01,4.085734978475198886e+01
-3.712988608152395509e-01,4.753489065277556325e-01,1.693404755412899831e+01
-8.764838505793056678e-01,4.535770479503765940e-02,-1.491181732119484060e+01
2.379929683295833875e+00,-1.253973046881661890e+00,-1.715187830901867727e+01
3.437963066702620085e-01,-2.274640336693276865e-01,-4.838794205778528479e+00
1.052032782929923860e+00,-1.554585099931511671e-01,1.274925985828449271e+01
8.451195248158148432e-02,-6.343626244449497298e-01,-3.067531206207675964e+01
-1.367251194221901667e+00,-2.773500385366732601e+00,-1.682447079622822343e+02
1.338522991397566253e+00,1.355369520424718033e+00,9.539221688987292680e+01
-4.519697924035109837e-01,-2.182114534304603892e-01,-2.000484400738093882e+01
-3.639142325106922704e-01,1.750952094758308597e+00,8.210189299244063932e+01
-5.061558685050873141e-01,7.483618942008014863e-02,-6.131819916843161522e+00
-3.459789931350913950e+00,3.260025275615440789e-03,-6.782255582229863933e+01
1.397290470779096738e+00,-6.765176739512451798e-01,-7.026565206539792996e+00
1.173974063163740089e+00,1.188685476263166452e+00,8.366207708198365367e+01
-8.544646099864977584e-01,1.018164921730274397e+00,3.510886132446458419e+01
2.776351563793640342e-01,1.526830902092047415e+00,8.328467741822994697e+01
-1.873091980211410712e-01,2.159752135588192123e-01,7.328308195563899119e+00
-1.327880894087020980e-01,1.436594319313026502e-01,4.713476661136001056e+00
3.235093328409081037e-01,-1.854528020070432381e+00,-8.817558431812396691e+01
9.229411427348264141e-01,3.013904266154658340e-01,3.349993017380847249e+01
-7.935471837611988155e-01,-2.048449636325684331e-01,-2.603587605226404378e+01
-6.845694048343138327e-01,-1.043557600532765139e+00,-6.664696605982071276e+01
2.196496852438129199e+00,-2.637814290579891807e-01,2.971759213742812733e+01
1.500235867513894927e-01,1.161718128045923670e+00,6.216567125997782739e+01
3.764030049728166183e-02,-1.916373160901885475e+00,-9.694573040971744149e+01
-8.072873570482959060e-01,3.715625156084677583e-01,3.075968856186340972e+00
1.034048981951817964e-01,-1.068565456251640011e+00,-5.243714479163120501e+01
8.304578433875824395e-01,2.601809047107778383e+00,1.489443075599556323e+02
-2.794468339707362747e-01,-7.343844205343325049e-01,-4.292602974249624026e+01
-4.027485444282584148e-01,-3.372220412721265576e-02,-9.633417428610005828e+00
-5.462694847071944970e-01,9.067577316719607206e-01,3.548635776582945311e+01
-1.062843882615875701e+00,-6.666518577136443247e-02,-2.428426634220778979e+01
1.270229092291141004e+00,-4.494622742011183947e-01,2.050482429594357114e+00
1.182498561288715777e+00,-1.816897703337636560e-01,1.397594299476188517e+01
7.371512737530983017e-01,9.137082190891665512e-01,6.106130261580048568e+01
-5.825862498238292275e-01,-1.740344202682093987e-03,-1.153718236226723448e+01
1.541370896200296103e+00,-1.080802973809504186e+00,-2.480330489459526433e+01
-1.272843433419139858e+00,1.776246432967733269e-01,-1.595853674896857655e+01
-3.350165835639353773e-01,-9.795581751343825916e-01,-5.651554973051869979e+01
1.554793127906872741e+00,-1.279520442152923598e+00,-3.466898791157198900e+01
-9.670022007642808948e-01,8.003553322728982344e-01,2.179472348356246769e+01
4.001813055140021058e-01,2.916902977964946908e-01,2.273266068849923016e+01
6.554404544085259410e-01,2.500529202306088217e-01,2.562635978648457424e+01
-1.660033290561733654e+00,6.382141826970204601e-01,-8.911051546755999198e-02
-9.739875601425841412e-01,-6.229769134252691742e-01,-5.089563217608490220e+01
2.472389442325020337e-01,-7.133833444328847584e-01,-3.150555547702489179e+01
-1.732848388020627572e+00,-7.145216713191868685e-01,-7.047450618970570702e+01
-1.204369673455937706e+00,-2.203181423448382914e-01,-3.489772779979657003e+01
6.062194881331650631e-01,-1.407563099049168043e-01,4.737962636172574626e+00
2.082107732750358764e+00,-6.188078725361200183e-01,9.372563535271090984e+00
1.483977727920832435e-01,6.800260611444923775e-01,3.757990081099159596e+01
-2.625246928904639288e-01,2.679450140019897231e-01,8.499353792974371657e+00
-7.091845640783155102e-02,7.181744773375801083e-01,3.521467351222482733e+01
-1.468167678080141425e-01,-1.100451929930945205e+00,-5.897966415080538383e+01
6.838091794541424351e-01,1.206762053248416899e+00,7.495122748691257186e+01
-8.555280911727839444e-01,5.592025083391752999e-02,-1.396159694820974373e+01
-5.251368373168553705e-02,5.323541593005559625e-01,2.610432366268050686e+01
9.098263313337618952e-01,-1.589793322223353733e-01,9.775273648604038357e+00
-5.651151329059128647e-02,-1.316609829277694821e-01,-7.821814896113231441e+00
8.659994878436348686e-03,8.068520542289201458e-01,4.129873888019664463e+01
1.155671571298821032e+00,5.690591514455091149e-01,5.171751613103689493e+01
1.243067539664494792e+00,-8.072657336176948251e-01,-1.672198304720696171e+01
-6.478088182517602878e-01,-3.064423134110660363e-01,-2.835078839839637510e+01
-1.154710403817890363e+00,9.998533816798259310e-02,-1.759468489510190636e+01
-1.458326809353382547e+00,-1.987052521297272556e-01,-3.878657118518858482e+01
-2.010692606894285417e-01,4.846650133904821800e-01,2.075412934162268286e+01
-3.285794529998711799e-02,-9.536718353515279967e-01,-4.925826236129339009e+01
-9.367816162486096720e-01,-8.280465057925920913e-01,-6.061773253898123670e+01
5.933230376595975963e-01,-1.427276603067113125e+00,-6.109468589737955568e+01
-1.470129449067053784e+00,-1.844394305063417061e+00,-1.229060307387428850e+02
1.198118858635164541e+00,-6.204239155404485118e-01,-8.081180566271427779e+00
5.247436283592324946e-01,-5.418928720161326762e-01,-1.731070565388868943e+01
3.412735127804290003e-01,-3.572875704370218064e-01,-1.150600835224053498e+01
1.848424256346165306e-01,2.741401838351921194e-01,1.760641008748838487e+01
-3.352557578099778501e-01,1.369688928164745523e+00,6.323051579086351381e+01
1.490666204585350929e+00,-8.159846249942946939e-01,-1.230083067701829691e+01
-3.400398093231688512e-01,-9.455199957341755557e-01,-5.487919603377540767e+01
-5.067624118765086116e-01,2.896613553582540468e-01,4.806781124311141795e+00
1.166964658166753210e+00,-2.048823206474595371e-01,1.248846499945631727e+01
2.097681867838261660e-01,8.530157683587037409e-01,4.760389320694522297e+01
4.179757704569833643e-01,1.992051262141873377e-02,9.229120556422858002e+00
-7.422449285987834378e-01,5.810423795010772885e-01,1.503217346571310920e+01
1.597691801059305305e+00,2.405500433631673485e-01,4.365824950931686033e+01
-4.606704525123215821e-01,-8.396358204840800310e-01,-5.185237184177772463e+01
4.130536866487173331e-01,-9.647195737513809821e-02,3.199394276838671836e+00
-1.466780219745901004e+00,1.610224259453637841e-01,-2.061589415043886220e+01
-1.665951211319037784e+00,6.525017536989886624e-01,5.228918647510667483e-01
-1.235945096244230879e+00,-8.355346606422271449e-01,-6.687833071867189005e+01
-9.167509732891544472e-01,1.647597762579698477e+00,6.596963971345903133e+01
1.669973303947023036e+00,-1.696296636290248960e+00,-5.365036188856178967e+01
-7.943933297376025715e-01,3.027735439337506107e-01,-1.771052981556415773e-01
-3.814641251181049020e-01,-7.691500871994813027e-01,-4.670293204680351096e+01
-1.287163712739993970e+00,1.377199620010979286e+00,4.490731309426286089e+01
6.075813104648677410e-01,-8.432505356070663094e-01,-3.104428957545107437e+01
-1.814268498940063701e-01,-1.883109573982769014e+00,-9.955506282614473434e+01
-9.710917478113949286e-02,5.857244136097972120e-01,2.794847338253110891e+01
2.635769624444749826e-01,-1.932145640136801457e-01,-4.669357811597092400e+00
-4.853789346519712944e-01,-1.707549817389478530e+00,-9.657905920480055784e+01
-8.686536026193729665e-01,8.580605518184786229e-01,2.666885502508499783e+01
4.571475730519442005e-01,-7.346649105511328104e-01,-2.846542545748098618e+01
-4.189241546834391317e-01,-3.508736096081020994e-01,-2.611779486467094102e+01
-9.033360482686022541e-01,-3.230626358535578779e-01,-3.421938963364081587e+01
2.725092909586055989e-01,-1.443093547387536368e+00,-6.820528855439069105e+01
-1.416896652741254092e+00,-1.518482539481626592e+00,-1.052468867422575158e+02
-1.478318568633218422e-01,2.531609195330816742e-01,9.999590033421426938e+00
-2.214865071117576648e-02,2.340912514013804291e+00,1.188906716427004966e+02
-5.300610406560561927e-01,-4.414106390183358819e-01,-3.291680261368569660e+01
-1.556672540683778361e-01,-1.165361500113605731e+00,-6.246229324588413334e+01
-6.019341001069120622e-01,4.025393348698700358e-01,8.690405093104356382e+00
1.036419769783658129e+00,9.857202615168675353e-01,7.061301181708250851e+01
8.666706973155986482e-01,1.644435758929494007e+00,1.008546852343795877e+02
-4.553763328191233195e-01,3.192674272917176426e-01,7.325717898091875568e+00
2.002704449694097555e+00,-9.750781048010739860e-02,3.438500386726672531e+01
-3.565104760091568070e-01,1.802309056208950891e-02,-6.087117770625006585e+00
-1.612464138469829958e-02,-6.994468222541810887e-02,-3.882234683620017002e+00
1.057254052080184081e+00,2.796306243252736912e-01,3.503014229346246111e+01
-1.168402816007058087e+00,-2.450187328121589125e-01,-3.545002937902449958e+01
9.300374685987279344e-01,7.768154949286024680e-01,5.787374764968323859e+01
-2.862257998790549429e-01,4.446404783941752814e-02,-3.358141359582578200e+00
-2.494972039308904321e+00,1.712060694184814436e+00,3.824177490278529490e+01
4.476086263626202072e-02,5.678322583655942557e-01,2.982434134303666085e+01
5.746160849028918854e-02,1.371684485479851778e+00,7.104957199014062041e+01
1.819293120735836045e+00,4.438540953519481969e-01,5.837620454789809799e+01
1.031931701206410396e-01,-6.742388528955494120e-01,-3.234086029633571258e+01
4.105355701371418142e-01,-3.443025006798410836e-01,-9.483029347574081669e+00
-3.603752517338654759e-01,-1.273358808219205551e+00,-7.199009980673412201e+01
7.176187821156942981e-01,8.676151272714104357e-01,5.832791331601544016e+01
1.094125611449844049e-01,-1.389651512859892746e+00,-6.868616147120940241e+01
1.538312268095154423e+00,-1.462447297110465727e-01,2.277485853905161406e+01
3.828760007208855971e-03,4.164942062382024357e-01,2.130565828365305947e+01
-1.379622198651918374e+00,-6.118841629696825102e-01,-5.830136242962431936e+01
2.726776484922917576e-01,8.524498311219347313e-02,9.703706667566237343e+00
6.049021285144290383e-01,6.583693356976795252e-01,4.544678861258570635e+01
3.454546421292603031e-01,5.912752880343040696e-01,3.692829705964379627e+01
7.164812077526896972e-02,-9.175784683460486146e-01,-4.536477451771506253e+01
5.392482595316389071e-01,-1.401595983864455663e-01,3.452320100485058774e+00
2.065282764326424214e+00,4.272175072035767074e-01,6.236214035690031210e+01
-1.366110698606716634e+00,3.112320862157794688e-01,-1.098082292410014738e+01
-3.641548366525754199e-01,-2.621956174150029906e+00,-1.408079149066478521e+02
-2.101715653182349985e-01,1.033170043819722883e+00,4.853481122385775848e+01
-1.513592131730243207e+00,9.138598710578824669e-01,1.683941357392625449e+01
1.643949942845601031e+00,5.322112941669921993e-01,5.943444446801814252e+01
3.578956217348320812e-01,6.253952646114075975e-01,3.891201141667313124e+01
5.247614265507024589e-01,-3.805594724035410992e-01,-9.086530450456537622e+00
1.192674480842133677e+00,-5.589851457165371240e-01,-5.056382438041069349e+00
-2.413992218200610440e-01,-1.434370316825348102e+00,-7.785950540544186538e+01
3.202160379070869700e-01,1.032150026777736151e+00,5.890552499518685892e+01
-8.069384860843598073e-01,4.658456879127322314e-01,7.888824766192543692e+00
2.032247096638126749e+00,-4.190805517354228016e-01,1.857366757052975004e+01
2.365164067078402432e-01,-1.165183398597086084e+00,-5.474636813610529629e+01
2.046724469134411362e-01,-3.997619628038317496e-01,-1.635546580305129893e+01
-1.075330888365601201e+00,2.306175292644969677e-01,-9.375929981242069999e+00
-3.470954941671846594e-01,1.138109042516830399e-01,-1.019404919553479338e+00
1.563252862432103818e+00,-3.703370847820250389e-01,1.184206209177297708e+01
3.988620532815291275e-01,-1.914145900495767050e+00,-8.973378730238582079e+01
-4.320357704952487721e-01,3.849328667503182366e-01,1.113162291517024194e+01
-5.149103247000275108e-01,1.115427530644564902e+00,4.673935623238708104e+01
3.926530780067506443e-01,6.577794473907756512e-01,4.124578890847056556e+01
-5.438424023327932399e-01,-4.365477042183083523e-01,-3.293973800529875007e+01
-1.862571091779816057e-02,-1.304674501733196434e+00,-6.687062940523820487e+01
-2.153993673582426105e-01,-2.077428994610913682e-01,-1.482234602675579538e+01
6.003958785788360286e-01,6.179352288761233991e-01,4.329714341725254201e+01
-2.653165634906088921e-01,3.650174041182161488e-01,1.339266850482188786e+01
9.207177277758487044e-01,2.627043521198097614e-02,1.943224260525668612e+01
-5.910631155030345862e-01,4.848028132972407311e-01,1.309733915438348717e+01
4.541114790630166320e-01,-1.134925365064282321e+00,-4.892800602481851513e+01
-4.205888761893523120e-01,-5.843917100041159385e-01,-3.805388437533112267e+01
7.578620031743971142e-01,8.823800423628791467e-01,5.987136582805105434e+01
-2.516074185899761506e-01,5.648956693462312550e-01,2.385068392695809791e+01
1.077176303606385721e+00,-2.509954136541189817e-01,8.373450056948044562e+00
8.974777454506888130e-01,2.052090933213988611e-01,2.809678874284941585e+01
8.169029657445062154e-02,5.426445421970073069e-01,2.926612466986312455e+01
-2.000916397712096284e+00,-4.765846951245185092e-01,-6.361371758959398193e+01
7.946948564473018672e-01,1.641108534916211559e+00,9.927067738647527051e+01
-3.968406311818590826e-01,-1.723801803104953345e+00,-9.566761315380104236e+01
1.059545246040489580e-01,-1.201350610594123847e+00,-5.915564602076961620e+01
-9.379983129490172822e-02,1.705475611584690965e+00,8.509181940694706725e+01
-1.460322337349336808e+00,-9.303851519335941678e-01,-7.612251265646216325e+01
-1.161256302846110255e+00,1.021021097557048285e-01,-1.761541858060440191e+01
-3.153897127319114091e-01,-1.006485526609828707e+00,-5.750245742605698496e+01
7.185900152673345698e-01,-5.689246403608876068e-02,1.122105326040818341e+01
-2.576887497438291597e-01,3.899766705650775100e-01,1.481483979350927882e+01
1.466898614305833272e-02,-1.637490494405091868e+00,-8.318134839464958930e+01
9.536703667161768871e-01,1.567017557079887879e+00,9.861800236225276706e+01
2.502323847841077531e-01,-3.434915377170169037e-01,-1.259182770068681911e+01
-5.196480162998157182e-01,-6.431034795802812454e-01,-4.299328684500280673e+01
-1.168679488189891424e+00,7.371219564562848658e-01,1.460827508914029593e+01
3.828304386671383397e-01,-9.548488410225992595e-01,-4.114951858789836336e+01
-9.277119625077633325e-01,1.800307412706345089e-01,-9.053669549728926569e+00
7.633812875216759997e-01,-5.893310959237402225e-01,-1.503933031911962637e+01
-2.421822312644183572e+00,4.641955857317318634e-01,-2.392955684150379270e+01
1.700392047949881302e-01,1.898816607212131316e-02,4.309364856345107242e+00
-1.217609089238052972e-01,-4.418909547763840151e-01,-2.491773309683708604e+01
-6.738695308874477208e-01,-1.851915310601353892e-01,-2.268226052250458125e+01
6.801851048855880322e-01,3.443155085098847379e-01,3.091757073324437499e+01
7.020535275227556271e-01,-4.245167240996947644e-01,-7.843224346716818118e+00
1.326716010722605865e-01,2.778760777995884293e-02,4.023593401793640112e+00
-7.651992592980609853e-01,1.083632993480636852e-01,-9.513297214664472534e+00
-3.842865141206716073e-01,3.521842500743498361e-01,1.040061769909968703e+01
4.249816159164400142e-01,1.441831459743647459e+00,8.184742936936379465e+01
-1.709318529398436759e+00,1.306880440760189943e+00,3.302704275558658509e+01
-1.077320299526984382e+00,-5.829206438433187643e-02,-2.414193172949551425e+01
5.051735169258207980e-01,1.277459708478827505e+00,7.504458700329836063e+01
2.104605729028026229e+00,-1.188096361438642640e-01,3.530163623939062489e+01
-6.497988328300899896e-01,9.704586177482038556e-01,3.669898612943826066e+01
-3.084980398612107710e-01,3.187527115377220555e-01,1.018580307169749766e+01
-5.689942682851806266e-01,1.650982556234925847e+00,7.297598382712860143e+01
3.809104257563453722e-01,-3.788192993634605932e-01,-1.182465936827061448e+01
-4.249128503332370022e-01,6.532020090384318411e-01,2.494637533444062427e+01
1.170120607364107723e+00,5.884302396184467598e-01,5.298887967053735792e+01
-1.094434625133364092e+00,-5.484451603108863038e-01,-4.946336208619636210e+01
-3.563344106334183636e-01,1.017227483339645522e+00,4.484989048866217587e+01
-9.643853860062391314e-01,5.622682155792577685e-01,9.709869427196171188e+00
-5.084857429195808187e-01,-6.227384828109813197e-01,-4.173584825983012792e+01
-2.119836958100600466e-01,-1.873811515599004718e+00,-9.968157875197944406e+01
-3.749517858195401399e-01,-7.849446641710854378e-01,-4.738007171805422502e+01
-1.326377995998540893e+00,-7.595513074029370815e-01,-6.478225477581594305e+01
5.574810390021321949e-01,-8.295107664744261200e-01,-3.132844339591031613e+01
8.222368274470632787e-01,1.597548170872391538e+00,9.759145733291654778e+01
-2.742361220936762045e-01,-6.353464644279049889e-02,-8.627667459137335015e+00
-6.567159013355173824e-01,-9.826604066029298590e-02,-1.791422359569442690e+01
1.066062824375800799e+00,-1.641653965407435578e+00,-6.273251549925582538e+01
3.958547326468720429e-01,-6.086290808781800177e-01,-2.324533470671808999e+01
-8.080791110211519301e-01,1.130857236985671532e+00,4.176477790637132159e+01
-2.669822413623082480e-01,-3.130208666033372222e-01,-2.120245707765241150e+01
-6.960570227502029805e-01,-1.340369331396046748e+00,-8.200242253134874204e+01
6.969307246006354317e-01,-4.510094819422638679e-02,1.139648598253211631e+01
-6.474149344489801283e-01,2.232123957155024208e+00,1.010580922928899668e+02
1.742951974268484028e-01,1.872839645367714745e+00,9.889141749079239219e+01
-1.669807103278678206e-01,-4.766712078370448635e-01,-2.757924487977594197e+01
5.592676684997653913e-01,-1.475537254661438036e+00,-6.422395536246526149e+01
3.428418682284049002e-01,-2.679447475316743543e-01,-6.921018094173917667e+00
-6.624096311243390378e-01,1.484320824067073996e+00,6.264483528610183782e+01
3.245862344022790169e-01,3.241027833935204439e-01,2.289933059329634801e+01
-5.627088480259464509e-01,1.260149608417344247e+00,5.317714012033438564e+01
-1.301693230018968750e-01,-9.558080714058140304e-01,-5.127943223435474351e+01
-1.490481626730411069e+00,-1.510383299617714670e-01,-3.698867059024858861e+01
1.669087596001564311e+00,-1.953222389235900400e-02,3.180379607263814989e+01
-8.365119715483417817e-01,4.189312408837644192e-02,-1.430292919277767005e+01
2.668922360506190028e+00,5.114979735531055560e-01,7.852045321631720753e+01
2.352854817638470319e-01,-1.251748876565658142e+00,-5.918315483931544208e+01
5.044326564300618543e-01,3.326700695438756794e-01,2.687022319722590069e+01
-7.330023203921504082e-02,-1.081220971430598005e-01,-6.951858346890696261e+00
-1.088347719643699252e+00,-7.329565091135170629e-01,-5.874904823705167445e+01
-3.335950441719455484e-02,4.796358192213569932e-02,1.789349115460651563e+00
-1.842426054814675918e-01,-2.546828175464180277e-01,-1.660280114440643118e+01
9.206253315731371956e-01,-4.667927800148647943e-01,-5.703028568198735826e+00
-2.004037442645837608e+00,2.215734855559417238e-01,-2.808706207386514819e+01
7.100491969213298393e-01,8.870683915859770563e-01,5.917077523389129823e+01
2.283838125589302548e-01,5.559383884486858163e-01,3.282645784198397365e+01
2.733446616317040945e-02,2.428955235231852194e-01,1.291853437557903916e+01
5.791435639678838010e-01,-1.056550139294656770e-01,5.995147616769338939e+00
-7.743826539196121406e-01,5.941473943936853574e-01,1.506864769160969075e+01
4.674351125895541414e-02,-2.914620778719803629e-01,-1.393845604062453880e+01
-4.147312732907090238e-01,-4.837386460342308903e-01,-3.280807621740197533e+01
-6.050452774648750198e-01,-7.736085161055149539e-01,-5.132381558659267284e+01
3.663768541194166728e-01,-1.179133965925837080e+00,-5.290558310856107482e+01
-4.574750365074834457e-01,-1.755320306082064130e+00,-9.846577431673455294e+01
9.579857300999522485e-01,-1.633394415767020824e+00,-6.443532785721134815e+01
-2.307236689284282161e+00,-5.465394857971962450e-01,-7.319913587748828832e+01
6.429679670129706537e-01,-1.503455496094391677e-02,1.186866503052345578e+01
-2.673852531348510642e-01,6.799192510323626149e-01,2.940385585856181905e+01
1.064335376252626419e+00,7.716945813644041641e-01,6.025181740945258468e+01
1.153656949938330900e-01,1.376804088339438126e+00,7.244841906834878387e+01
-7.842738148219646765e-01,2.337029331373007557e-01,-3.499058018754373833e+00
-6.982340516539217723e-03,5.120246541893183068e-01,2.596278705951288401e+01
-1.608310669969711670e-01,1.232012535848141521e+00,5.964022488871643191e+01
-9.248223933482658810e-01,1.019817521995107557e+00,3.381049219141689832e+01
-5.905216445735428366e-01,1.953056792139552522e-01,-1.648877283809135008e+00
-1.360745017990178662e-01,7.103389507157987781e-01,3.353487557030724986e+01
-4.585755643531460590e-01,5.408295240314637403e-02,-6.254691505430704623e+00
-5.993645136640751714e-01,5.217316029127733179e-01,1.481661937054514055e+01
3.791414496273238788e-01,-5.452373993251540263e-01,-2.034243521529143095e+01
-3.802826338414372898e-01,-3.104076198758300847e-02,-9.055253107631866527e+00
1.032847936997849825e+00,-3.701452727823389272e-02,1.840983209136877363e+01
3.260908805876782113e-01,7.604298685410928460e-01,4.517028067408896419e+01
-1.117535413014293821e+00,-1.393970235470534558e+00,-9.301720124335336948e+01
6.802945029284672429e-02,2.581762310512976666e-01,1.449715659322560768e+01
-8.013141607162091451e-02,-1.708139145166024386e-01,-1.028175793822284945e+01
-8.688392507947407806e-01,9.197827266277679437e-01,2.981143937327742677e+01
-1.454193814113224681e+00,2.757401052821812359e-01,-1.452092634776162328e+01
-1.545896844582259178e+00,1.976704823299210712e-01,-2.030252228105089785e+01
-1.612069722468704391e+00,2.024402566770023559e-01,-2.135975819681045351e+01
-9.364064332712422889e-01,-1.466691580673189277e+00,-9.316472007694066804e+01
1.962192268024650146e-02,1.171062693967582558e+00,6.007946392760040055e+01
6.104308653353445191e-01,-3.070706803970037480e-01,-3.657005078086733363e+00
5.930839621303285458e-01,-1.329339238168608217e+00,-5.610711459961646597e+01
-4.332686483742561045e-01,9.030402263498278348e-01,3.751745378755325078e+01
1.031466394388128177e-01,-3.458113570829249861e-01,-1.560047743245210228e+01
-7.214997970343797196e-01,-9.832291394918597494e-01,-6.429750024282425613e+01
-1.234607556470898704e+00,-1.507431672820298107e+00,-1.011013945732307491e+02
8.311349230083701078e-01,-1.218213210061906082e+00,-4.576459790863682997e+01
1.318979042646134803e-01,-1.044271664958570378e+00,-5.063887119132134274e+01
-7.328313598295037590e-01,-5.915053602416585621e-01,-4.455240953363402667e+01
5.954581300041272840e-01,3.953748628032652812e-01,3.185529595872825581e+01
-6.384020060215909176e-01,-1.276951169166838929e+00,-7.763675313874607298e+01
1.098303574614510753e-01,1.632181830499057851e+00,8.535729503191284095e+01
-3.009992638595814785e-01,1.007805503468266473e+00,4.545701088796136702e+01
-1.112876198876553979e-01,3.546231255491345546e-01,1.588967008263947278e+01
-8.875603351392797880e-01,-8.276548660348772568e-01,-5.963051595695451823e+01
-1.158470023027276669e-01,9.457438954924152208e-01,4.593192458258964450e+01
2.861418275262737065e-01,2.350270494797609966e-01,1.760329939922549158e+01
-1.349501364018305560e+00,1.974782969331749127e+00,7.414358433195435794e+01
-5.703259109542723193e-01,7.094453658973940424e-01,2.495580114436221209e+01
7.963879886049879397e-01,-3.212317737029565246e-01,-7.245891485727629089e-01
-3.573913728524618638e-01,-4.879523800426946445e-02,-9.510432788822054562e+00
-2.733293027355768179e-01,-3.479775122663849030e-01,-2.310906759842511704e+01
1.063873988324469222e+00,3.024818022160473685e-01,3.632504973984769236e+01
4.544736400872424406e-03,6.727663234754166499e-01,3.438296950925908391e+01
1.011572222077895988e+00,8.888781626630649635e-01,6.518829058533007981e+01
1.600168450165427581e-01,-2.475580558581406132e-01,-9.474540465607727668e+00
-1.360762323229809612e+00,-4.340934498569956612e-01,-4.886802257836286856e+01
-1.152356645041676897e+00,1.938189540044622516e-01,-1.276534644049754874e+01
-1.865230828452183909e+00,2.867891437981675007e-01,-2.203504749143092312e+01
-6.666481218949610321e-01,-2.531686835140733449e-01,-2.600542619929698063e+01
-4.270673077353288605e-01,6.705687603769549220e-03,-8.050532715985218246e+00
1.886658843306266431e-01,4.550021936833338887e-01,2.690082417041464424e+01
-1.700806781556742031e+00,2.639356247684341295e-01,-1.996886915055031864e+01
1.059922857570250038e-01,1.802596686236888957e+00,9.396861717606293496e+01
2.869084372466888105e-02,-9.877086590067589711e-01,-4.978375655905930586e+01
-7.886979857245211001e-01,-1.102289466042408295e+00,-7.168701306964706532e+01
-2.343482469357784925e+00,-8.041973435961132788e-01,-8.704528427378221522e+01
7.561648753382458343e-01,-9.283262797853361059e-01,-3.246111654145106939e+01
8.506539469770318940e-01,1.587076100301856973e+00,9.761608102868920867e+01
-1.114687343073408110e+00,6.737876232121722264e-01,1.244087011344409888e+01
-2.311371075244824103e-01,1.002109872790183098e-01,5.660631891728220566e-01
-1.960663128497605323e-01,-7.189175717635553076e-01,-4.049910071014774360e+01
2.132581398916367776e-01,8.398856351836613277e-01,4.700317790908070492e+01
8.508288877380491000e-01,-6.838847455923821594e-02,1.323369582753535667e+01
-4.373819045630319424e-01,8.768295072663455647e-01,3.610055580000093300e+01
9.211880953353301926e-01,-3.338580086649345913e-01,1.084261193559079572e+00
-1.980114058036120395e-01,4.944353852033438468e-01,2.131225554857493165e+01
-7.799706770149719137e-01,3.789922977905134296e-03,-1.513410619107340338e+01
5.550042812331569264e-01,5.493937621217557243e-01,3.891130804304341950e+01
6.757808618985564619e-01,-1.034733465739443137e+00,-3.946476303630161198e+01
4.802969468728029989e-01,-1.031048128333186709e+00,-4.311838332212496994e+01
9.929674907837904296e-01,9.813264946328913441e-01,6.953515772040522336e+01
4.417594402103271478e-01,-1.474364113635141083e+00,-6.647332335519472224e+01
-7.533429841598260346e-01,-4.460736083532459983e-01,-3.754223263088491080e+01
-4.050024129917444982e-01,5.688659944376498467e-01,2.103868488731095354e+01
1.965599697855087702e-01,-9.177456348212691406e-01,-4.291863846550909045e+01
1.423152782500993085e+00,-4.091843138051064477e-01,7.108736510873949754e+00
-5.406997110572888676e-01,4.965176570772379949e-01,1.468418991092467962e+01
7.661121262121308728e-01,-2.648934165264007490e+00,-1.199720868182506877e+02
-5.572675180557076224e-01,3.475383634403909072e-01,6.764528047100666797e+00
-1.883953686673106143e+00,-4.566462745678939728e-01,-6.029892668922971666e+01
-6.734224259328938089e-01,9.971631944420523697e-01,3.759599802786403444e+01
1.918127337918898112e+00,-5.643102407177178481e-01,8.928133740642053340e+00
9.831449481991871853e-01,2.885979261013132957e-02,2.079099731739070833e+01
4.203962229256920646e-01,-5.479922851306698872e-01,-1.967216072151061823e+01
1.676746428805057920e-01,-4.161161075335830795e-01,-1.791615180565019472e+01
-1.358986869874694525e+00,4.292175743717264180e-01,-4.826627227069124615e+00
-4.543219767219032201e-01,-1.394432089240690731e+00,-8.000785976866544047e+01
-2.074578465995428889e-01,2.014363069814029128e+00,9.860357392395621901e+01
9.953724351421591732e-02,3.043366992827733153e+00,1.570889227230173049e+02
-1.977654640608087488e+00,-7.746273523931073157e-01,-7.834905543786575777e+01
-2.549989096031706648e+00,1.603410757594754932e+00,3.162229520904888602e+01
3.350731603002537473e-01,-3.959989709222001553e-01,-1.360113114139566193e+01
4.253675280679075077e-01,-1.423998178284950233e+00,-6.422808430571427607e+01
1.502954378251486256e+00,-1.767244353360438947e+00,-6.054896643351460028e+01
-1.249233040699705866e+00,3.839307414814084329e-01,-4.978297735106963273e+00
2.667693994738746244e-01,-8.635107729488653572e-01,-3.877437135474851004e+01
1.382844394963493873e+00,-2.259107128739223924e+00,-8.798152576708328354e+01
-5.868421630089134394e-02,8.355698248483663937e-01,4.143921260465443623e+01
6.720779183113981814e-01,1.568179905353458192e+00,9.314364620324261068e+01
1.115161620269660592e+00,-1.431438601567107949e-01,1.461754019139427285e+01
8.643768795411257422e-01,3.473739012080915289e-01,3.469304345864415495e+01
2.898422856390008295e+00,-1.428525665084385610e+00,-1.586057217634066063e+01
-1.252412378452655961e+00,1.581997917228864736e+00,5.602962523842875697e+01
8.622261866856889556e-02,-5.551515353145571874e-01,-2.660398128773790916e+01
-1.748779792105471964e+00,-3.498200220900019586e-01,-5.219723635355596514e+01
-1.027927731901893793e+00,-2.692995234783006619e+00,-1.574729454026260100e+02
6.495831365199004059e-01,3.731703744994986360e-01,3.178705884071352017e+01
-8.271943798862343988e-02,-1.154969716494568255e+00,-6.049907540627101810e+01
-7.781294637495063116e-01,7.144437488527960456e-01,2.112701754978733248e+01
2.676130367788649433e-01,-3.733120555657672424e-01,-1.377035266563546756e+01
4.741155183031290909e-01,5.433432648394079800e-01,3.701333491718040136e+01
2.323440476668145183e-01,8.201955253273784940e-01,4.637455159096299440e+01
-6.345505414058769666e-01,-1.390955736268912002e+00,-8.337234819213702508e+01
5.593846271266497139e-01,-1.917965197573940683e+00,-8.677402485589361447e+01
-1.549579913162177636e-01,4.860702283198432561e-01,2.173189680874097007e+01
1.155289348425564633e+00,2.336218594625152079e-01,3.461138970417199801e+01
2.639065524826121889e-01,-2.554555592101822814e+00,-1.250301235386347827e+02
1.867077895746238836e+00,-6.612601598495227995e-01,2.983020003715196822e+00
-2.865765355220166288e+00,1.406681785486046665e-01,-4.914505261069650999e+01
2.331086454183093626e-01,6.084285147703227814e-01,3.559494322439920211e+01
-1.918469575094012558e-01,-8.613567345119396146e-01,-4.767689432866945509e+01
-1.160084089404998631e+00,4.546171985251812875e-01,3.767574275151233110e-01
1.122043565756790429e+00,4.970372848270586674e-01,4.738543819819977188e+01
-5.575996816066262074e-01,2.452280584548761078e-01,1.542824562347682615e+00
1.841218036714915574e+00,6.648063316553390889e-01,7.006989582701004338e+01
-1.324419416115767190e+00,-5.736193934887968693e-01,-5.526605382662901889e+01
8.212390920574759168e-01,-1.652737787806379810e+00,-6.810856293384462390e+01
4.039210925058860369e-01,-1.011667940175476454e+00,-4.363136636119898526e+01
-4.704191089763981592e-02,7.297783081583758547e-01,3.627536914974788118e+01
-1.041536649341212595e+00,-5.647725537074069768e-01,-4.925613208157700740e+01
-4.378384018042750236e-01,-4.094633934532079245e-01,-2.947604264569963561e+01
-1.672414203407851963e+00,-2.118624297973993320e-01,-4.366430270292504190e+01
-4.656546209553878990e-01,-1.510596649935582292e+00,-8.615194324131451253e+01
1.279215958210216664e-01,-4.779257500455622032e-01,-2.184803466775816716e+01
4.164516129731229421e-01,-4.901145552940914807e-01,-1.679941130347735267e+01
5.139697062287985618e-01,1.364623357952773786e+00,7.966053084908371318e+01
-5.907854318976786256e-01,1.268595981526007055e+00,5.305595021765205388e+01
4.073934979043533633e-01,-7.587526584775635685e-01,-3.067099991297153494e+01
-1.115280952596903630e+00,2.090314053999310140e+00,8.463537026199679758e+01
8.010332151488397390e-01,1.149945945939772951e+00,7.435866044218391835e+01
-1.660445041736071381e-01,-1.530094886233009932e+00,-8.125817525239243366e+01
-6.704719140515035258e-01,-6.036203790077970810e-01,-4.394452906498472800e+01
5.100299826416504478e-01,7.657992456371939261e-01,4.905858845937567025e+01
-6.887256844234546094e-01,9.847300954314034405e-01,3.666150584386813449e+01
5.211879875064039380e-01,-1.334666101456662979e+00,-5.779148280654311520e+01
3.960515619067598303e-01,-1.123139651616122503e+00,-4.946818200194883275e+01
-1.170259666167129398e+00,-7.960363143439231903e-01,-6.357414592197652325e+01
-9.086552012139326173e-01,1.015288749772217614e+00,3.389734545157736534e+01
-3.202975090285215543e-01,2.660487819986493419e-01,7.267394764352822278e+00
1.130287853416995114e+00,2.002361216595620608e+00,1.242799859151762263e+02
-9.803876743882344869e-01,-9.463845348612081043e-01,-6.750681520889867215e+01
-8.343127650329373868e-01,-2.223619310577025221e+00,-1.297421782071582186e+02
-4.687695382046235260e-01,-2.074191228226150319e+00,-1.149418833439200824e+02
3.725243533382460170e-01,-6.439495320472031770e-01,-2.550423103502244615e+01
1.181322052348844576e+00,2.333941780699716695e+00,1.421848869435850702e+02
8.401631956783195410e-01,4.869808971042633994e-01,4.133355904448255558e+01
1.219454926582839827e+00,-8.648616672200656330e-01,-2.012189833656560012e+01
9.035353584422916029e-01,-1.001466591564285524e+00,-3.329338394846764260e+01
-1.043523147755577751e+00,4.411703458847339165e-01,1.981868731622320468e+00
-1.319141816985825777e+00,-2.305440445927539050e-01,-3.767438468842901500e+01
-9.097029104722152981e-01,9.215130347064066640e-01,2.909662376722064181e+01
1.807828694207149978e+00,4.328570664352066610e-01,5.759035208138689654e+01
2.764436146296275765e-01,4.663357999481518856e-01,2.920347493735489763e+01
-3.838631310779042072e-01,-4.084506916591515990e-01,-2.836374678238171043e+01
1.170434605796958127e+00,-1.278841623924928950e-01,1.648156544919294930e+01
-6.161729870684202748e-01,-3.798057820658615746e-01,-3.146874607760723563e+01
6.718393855001090209e-01,-2.771984481106448683e+00,-1.280970309310039852e+02
2.629979792316242126e-01,-2.228073239118802729e+00,-1.084058326855199823e+02
-1.142594001349597654e+00,-1.682220689397275981e+00,-1.082029390077823763e+02
1.502614066050345087e-01,1.269134157304253385e+00,6.764578050457494385e+01
8.025102855287832293e-01,-7.675453201671533776e-02,1.185772909801119823e+01
7.074091323009455978e-01,-5.684328273906403828e-01,-1.507397511636298759e+01
-6.462211702434041971e-01,-8.644388136369746123e-01,-5.676296083439525120e+01
-2.736659333470699562e-01,3.278488507747006619e-01,1.133396037654356370e+01
3.887792150778218159e-01,-6.146020732905671524e-02,4.507066403366854601e+00
7.820227200237158671e-01,1.392140347924783805e+00,8.633072557332010888e+01
1.580667001352003553e-01,-1.935947241472592228e+00,-9.557698849511758965e+01
1.217678544590385714e+00,7.301641778604557320e-01,6.114820667550644373e+01
1.118724553026103408e+00,2.734501650622410684e-01,3.592306285603199711e+01
-1.830980895573245948e-01,7.446403587525026735e-01,3.435929313232423965e+01
8.807928952316459448e-01,-1.366972802335571779e-01,1.034054186250397578e+01
-6.236634648422080263e-01,1.789865237870678083e+00,7.898109333509340502e+01
-1.448933836673659936e+00,4.083074758896125256e-01,-7.660059019514388723e+00
-9.933254880195876435e-01,-8.045380592996979052e-01,-6.053056072226451079e+01
-1.363061447751471755e+00,1.675363970922318035e+00,5.861449846821307830e+01
9.667916868354603510e-02,6.711463597210256538e-01,3.611093770951272575e+01
2.399336410219735927e-01,1.570379941110597199e+00,8.476367380582250632e+01
1.850217648910622639e-02,-5.569463743637900199e-01,-2.802625385297243454e+01
5.451357804975178745e-01,-4.812522227053349089e-01,-1.381887436116444334e+01
-5.605313308169211917e-01,-1.591350305296875267e-01,-1.912683166371375165e+01
-1.447469486054768550e+00,3.929214862089472349e-01,-8.415569930062059001e+00
-2.512513373748249124e-01,-3.548427657238077404e-01,-2.302516108578998200e+01
-1.026523291037941377e+00,-1.492301058681402059e+00,-9.624103707596383117e+01
-1.007445231928869589e+00,9.542655920538022363e-01,2.884541034285408045e+01
2.597131501028718814e-01,8.380708841663421227e-01,4.782356538900661036e+01
-7.332860703625270204e-01,1.144565054302865703e-01,-8.575571723418907055e+00
1.413321978472151241e-01,-1.670502235225981069e+00,-8.237501885138522084e+01
-8.246012891473990525e-01,8.557149610145940999e-01,2.741496775073155590e+01
5.676737368081958834e-01,-1.823192754608443211e+00,-8.178019426168449968e+01
6.251559654307916603e-01,2.593826654427610068e-01,2.550681118606945574e+01
4.120776393556613293e-01,1.115922158903117190e+00,6.498091731935009818e+01
-6.194476672987927479e-01,-1.318074779316678935e+00,-7.936051840309738736e+01
-1.434712639134761325e+00,-1.080969604429578984e-01,-3.370384993054626932e+01
-3.857017292241192163e-01,7.399768948993799000e-01,3.014018965137342576e+01
-1.061646656704245961e+00,-4.563956234334775597e-01,-4.412689927845013926e+01
-1.128762003874335118e+00,1.260428420609066347e+00,4.206777619033128701e+01
1.520645267961884928e+00,5.593877538391907045e-01,5.839666569418739073e+01
-7.092008921260221088e-01,-1.900886284607882892e+00,-1.108325635538024159e+02
1.168734559262904593e+00,1.862856414484978795e-01,3.246268181183557999e+01
-9.130120129929516493e-01,-2.562070360917108602e-01,-3.100162885912697774e+01
-1.213632983097758578e+00,-2.421815391433501219e+00,-1.472991113361528335e+02
-3.657249388227325482e-01,1.658912456600395990e-01,1.269254431604865729e+00
1.014212061180653872e-02,7.196828232927263147e-02,3.867822676584560249e+00
2.951177734580167633e-01,5.851284913429410928e-01,3.562579397062456366e+01
2.349555073965883256e-01,5.343809841321663923e-01,3.185672961437275319e+01
4.500055340774552493e-01,6.846587579763746545e-02,1.233309753014081700e+01
-3.630350052383559678e-01,4.743181262307236135e-01,1.704389843547637184e+01
-8.073781005637150621e-01,-1.189310153231473571e-01,-2.192828248626707932e+01
1.399552228411335086e+00,-5.616148471934702124e-01,-1.125050533780814987e+00
-7.153507236255677304e-01,8.644809425917125978e-01,3.000870132263237622e+01
8.232238919167269575e-01,5.646461620515480506e-01,4.495960009685474290e+01
-2.124125188369080597e+00,1.945010794654605524e-01,-3.182691191148879994e+01
-1.150665409070346756e+00,3.084420829396752328e-01,-6.889300500804727889e+00
5.404436613635804632e-01,-7.854040530270474108e-01,-2.941494669028493547e+01
-7.762273711861336078e-01,-8.523243981552172110e-01,-5.870020627619990705e+01
9.782666178907037935e-01,-1.862281129240513367e-01,9.731219472814530036e+00
5.564117168361698562e-01,6.034173179427632094e-01,4.169276806210316266e+01
-1.962850941688678019e-01,1.708481577068710622e-01,4.851610594059204473e+00
-1.896404614045788806e-01,-2.077098809504162591e-01,-1.431447169321425328e+01
-1.376901708684429293e-01,-4.602729048208242801e-01,-2.616776429696896855e+01
-6.582792766962750064e-02,5.033231141523588636e-01,2.436285240570501287e+01
8.044178954604477294e-01,-5.098726733874283656e-01,-1.018259330959489795e+01
-2.135746188136578017e-01,1.787302492831820189e+00,8.690916311756754453e+01
-4.004219227155680905e-01,-6.734312424662239893e-01,-4.219629160165447956e+01
1.667537287268362478e+00,-1.346960628138993699e-01,2.590295730348732661e+01
2.063954392430090046e+00,5.409950895553751193e-01,6.813574665336132341e+01
-3.586497046720601434e-01,8.554057263448632265e-01,3.655567334835440363e+01
-9.392008620023697407e-01,-1.490151135256753689e-01,-2.605225678314503668e+01
1.537254193474477636e-02,1.720949180344156115e+00,8.802592965795724922e+01
-6.888309067926867701e-01,2.026326274073050104e+00,8.975386977559682578e+01
5.306682661312747129e-01,-9.411352158468475615e-01,-3.754530056392007964e+01
4.478766012677493635e-01,7.653074728194054765e-01,4.781213748413065190e+01
-5.188045544266810249e-02,-4.258330571354010941e-01,-2.272596727096645708e+01
6.623756491522370116e-01,1.885618446279614946e-01,2.262819163464189387e+01
1.297713046133530668e+00,-2.671393724685352300e+00,-1.106703914774424220e+02
-2.953173636244129652e-01,6.483601067242577010e-01,2.724625962394055279e+01
-7.480910910998403995e-01,-7.901643222539650457e-02,-1.872861649637535919e+01
6.641561203934433222e-02,4.208990163707472532e-02,3.450635897707455602e+00
5.112969691744454481e-01,1.165506830016214135e-01,1.598862257151883881e+01
2.442784630128644330e-01,-1.131263928932949581e+00,-5.286482050299815683e+01
1.229967909481900377e-03,-7.047882221980816819e-01,-3.590177771351781644e+01
-1.259010739798567258e+00,-3.065211120144163415e-01,-4.036560484249434921e+01
7.673609756254026193e-01,2.271003548337344469e-01,2.665573646297130495e+01
-5.341467038496372499e-01,-2.055417847516269436e+00,-1.152696613427382601e+02
8.101085736369091350e-01,1.414428591389548018e+00,8.801876717048973831e+01
1.613962448325804822e+00,-1.512175731834328740e+00,-4.536563961507459908e+01
6.977852371068122839e-01,7.065721771127180251e-01,4.972914197720898244e+01
5.074903242075766707e-01,-1.794296654821426307e+00,-8.148991268543207411e+01
-7.575731014906136873e-02,-7.982331938349004341e-01,-4.217793731059693130e+01
2.618462142489136890e-01,-1.197256395179254973e+00,-5.588350140929838261e+01
-3.310640028837418813e-01,1.654138364580963305e+00,7.781244353405135428e+01
4.230302182711265790e-01,-1.157130774580762966e-01,2.414645404088813230e+00
-2.385193564787934761e+00,4.181329867182984050e-01,-2.555776077546427416e+01
-4.455584493302340854e-01,-1.248168851455527806e+00,-7.238000922012074057e+01
-1.166252894778798455e+00,2.723895577816581315e-01,-9.033357145574409941e+00
3.493752972006113899e-01,-5.849820664681313342e-01,-2.295332211063482220e+01
-1.059012142860556116e+00,4.393970052011800242e-01,1.587098242746360910e+00
2.463078630455245444e-01,-3.312844788625360359e-01,-1.204670504750082749e+01
-2.706562936133932173e-01,-1.481760590663740551e+00,-8.085011624716432266e+01
-9.938174671401028837e-01,1.951831276656974534e-01,-9.580337162208037327e+00
-1.124167074156691426e-01,-9.785187258191489768e-02,-7.197025243133236216e+00
-9.608694970721681772e-02,2.976010886891791163e+00,1.498112719111238960e+02
-1.516834969044819958e+00,-6.572972535595925647e-01,-6.331263806502216340e+01
-2.111403196044825847e+00,-3.304054263987691309e-01,-5.833354925218625198e+01
-8.160738696916256529e-01,-7.583449761807612433e-01,-5.469271762829613692e+01
-5.863665078109990825e-01,-1.403509850778420276e+00,-8.306541290221390739e+01
1.185965203410540791e+00,2.116345096859906239e+00,1.311843341066687572e+02
-5.895204757758489705e-02,1.483703002222167111e+00,7.447195724413391815e+01
-5.352830980144834827e-02,5.322634485592955267e-01,2.607976122952368314e+01
3.890842003692950024e-02,-6.415619165152628423e-01,-3.193844982128021925e+01
2.216548921375731951e-01,-1.781842273241972752e+00,-8.647204693070612791e+01
1.772679411769761071e+00,-3.787082307351906652e-01,1.553081580844538578e+01
-1.888518506659967233e+00,9.870495810097367206e-01,1.320247182043766543e+01
-4.402404789952125141e-01,3.237413952899031444e-01,7.851210823657170934e+00
-3.772068980139560157e-01,-6.264365553935974384e-01,-3.934457840802016193e+01
-1.907249587110265154e-01,-7.931934087082914697e-01,-4.418028135931843536e+01
1.516343817647701542e+00,1.208142694584463994e+00,9.138183904934774660e+01
1.432724345743900729e+00,-1.000199326138987210e+00,-2.282963214371366689e+01
-1.287667040359661286e+00,-1.313394924467657265e+00,-9.225322329647758579e+01
-9.243778885705258297e-01,2.356504120436637983e-01,-6.152988408449980184e+00
-2.431380256023125269e-02,6.197740266470257442e-01,3.111463218132038477e+01
-8.915991462661970735e-01,2.415518452583362563e-01,-5.208029277742731722e+00
-1.017361618349400754e+00,-1.563766730458808540e+00,-9.970389855202903107e+01
1.591331710656848974e+00,5.234758326884517698e-01,5.795515517284751894e+01
2.551616495104887528e-01,6.317680097488034274e-01,3.721801920056608992e+01
-1.793816340175541368e+00,-8.579927876904884787e-01,-7.898590604950435079e+01
-2.351224900708265952e+00,6.177679252416800049e-01,-1.471402655596353171e+01
2.718928666853268616e-01,-4.553901010981600828e-01,-1.787010404042504419e+01
-7.848235268836781242e-02,7.891816372543040137e-01,3.868556084640041348e+01
-1.242925252566385197e+00,-2.826688745023075988e-01,-3.883366064025878472e+01
1.058661570743241409e+00,-1.041005683185636022e+00,-3.226045054047411753e+01
-6.856603691418952096e-01,-5.169486771997116037e-01,-3.982498683567388298e+01
1.301831150316905328e+00,1.811823796204629966e+00,1.179385288784498584e+02
-6.275637100285492709e-01,-1.783088072313381289e+00,-1.032236435380852413e+02
6.174017155770396004e-01,-1.955341132925676462e-01,2.165456450199348737e+00
1.462514489101776505e+00,1.008009152338756431e+00,8.012240473408856190e+01
2.613712927299535194e-01,1.262680127134945929e+00,6.950022534327597157e+01
1.120203414602385927e-01,1.225675444150033710e+00,6.467903195107382430e+01
-7.022276648361314155e-01,4.834047009773945747e-01,1.084156419679769279e+01
-1.492481710123733929e-01,1.341591829532869040e+00,6.545354800375996263e+01
-3.320882158753290514e-01,2.332817979152533305e-01,5.365426572365286972e+00
6.278477228820441569e-01,-1.511268399928517470e+00,-6.469764387587301258e+01
-1.613107077298034098e-01,-9.348622163855444533e-01,-5.082369900595841727e+01
9.548328681827977782e-02,-2.397206156554263945e+00,-1.203190821891442823e+02
-2.174537827523121414e-01,-3.777100455502012677e-01,-2.352664051932518774e+01
5.916497478527269482e-01,1.095119437421911313e+00,6.744930954036132675e+01
3.857602356081136219e-01,1.419419210013731503e+00,7.993424113905390982e+01
-2.630799374133985236e-01,1.045248664382863346e+00,4.811079953309330648e+01
-5.480091320519744347e-01,-2.131667621834683946e+00,-1.194288374315386534e+02
5.143821147193615717e-01,-1.158908790710393655e+00,-4.896615440938433750e+01
3.114180788476700323e-01,7.731789827473454224e-01,4.553181841772806848e+01
2.261015691000052563e-02,-6.590767105509168777e-01,-3.315152980603328103e+01
6.019455763869787646e-01,2.448972219811844653e-01,2.431231864472907489e+01
7.061468183069237181e-01,2.193707718547797669e-01,2.505880140240030229e+01
-2.135214977389751356e-01,2.748600354180229521e-01,9.814808275990827724e+00
1.148997579234006361e+00,-4.960383623782254059e-01,-2.706026426450147682e+00
8.906715941977912943e-01,-1.307826526940467415e+00,-4.916259439830115241e+01
-2.679523355315755473e-01,1.397893155350744765e+00,6.599078834039919172e+01
5.728328549264276592e-01,-8.258464716753134427e-01,-3.083997893974314053e+01
-1.012934159176944515e+00,8.534483259760907714e-01,2.359847701755879257e+01
-3.105670411050488050e-02,4.621157784797202961e-01,2.294563874385909230e+01
-6.914604773240213831e-01,4.430181067884895185e-01,8.994481003739497993e+00
3.278021324446854512e-02,-1.214901167870878762e+00,-6.128433040149162991e+01
5.340693797063651438e-01,-5.514558110064857743e-01,-1.761490647814818544e+01
6.664946311388951772e-01,1.234985966542781810e+00,7.604966597673180217e+01
1.638975058301327836e+00,-2.770220158573737379e-01,1.808673973788858191e+01
-1.527876394784261072e+00,5.255738455526356434e-01,-3.233820280070784037e+00
4.889795267001776913e-01,2.599014908957918979e-01,2.285723887770665286e+01
4.077799006857524833e-01,3.237063485910597893e-01,2.451397105701821033e+01
-1.332831124890285324e+00,8.256190339988878080e-01,1.589357147426967742e+01
-6.316340951232771728e-01,-1.644204457362008043e+00,-9.622416335028044898e+01
1.521990095004388088e+00,-1.549948348347577887e-01,2.200808085870473363e+01
-7.482038279463667507e-01,-2.040145682946307826e+00,-1.186976377814543469e+02
1.215826679380125203e-01,2.214670343687401122e+00,1.152800709468971689e+02
2.721817405356937170e-01,-5.371498203525491150e-02,2.610601843279960477e+00
4.199816759748735140e-01,-6.527401631654434766e-01,-2.501973623349228859e+01
7.704090283247375659e-01,5.654783546684450934e-01,4.396414936764401205e+01
1.640997147757350838e+00,-5.910027056533284640e-01,2.121591796958831821e+00
6.510243258481637207e-01,3.319474382765092435e-01,2.971407759150265449e+01
-1.073236070354313815e-01,9.630091172931438681e-01,4.697949801747455467e+01
-7.721741691023359389e-01,1.282217702624549871e-01,-8.638094218559704274e+00
-3.764030608820252005e-02,-1.358815400240211968e+00,-7.000407119464648531e+01
-1.474018707564934028e+00,3.022880791884197671e-01,-1.355724844923042305e+01
1.360693238939386651e+00,1.406684930973122194e-01,3.390959080823104443e+01
-1.744427313552925352e+00,6.727626242794640943e-01,1.352860875415018427e-02
-1.864988250817955162e+00,-1.309953580911386473e+00,-1.034228098709322694e+02
1.628012218537643996e+00,-7.757050551308608544e-01,-7.548613275080963803e+00
1.399648410877214477e+00,5.014478758750543497e-01,5.306550909031702901e+01
1.223410162267318357e+00,2.478431306410544821e-01,3.667495625983553964e+01
-2.080901320653500419e-01,8.444796623701644744e-01,3.895739063043201611e+01
-5.391872879625770887e-01,-3.201482690974342127e-01,-2.691490293209524509e+01
1.115232891676973814e+00,8.444494362152262790e-01,6.496062389951626415e+01
-1.681061068860327579e+00,4.591679334597496553e-01,-9.629051905931294897e+00
-6.313736268146283859e-01,-7.217052365834432381e-02,-1.608602403279328286e+01
4.129305702236742426e-01,4.052352380502173834e-01,2.877104953007702193e+01
1.696615896157297243e+00,-2.206802050105710900e-01,2.209141983033190826e+01
2.789861957246836943e-01,1.178569432844112974e+00,6.555891058566085405e+01
-1.212047814189076478e+00,-5.009360839497436491e-01,-4.935285990030065761e+01
-5.148650101561795811e-01,-1.163978877546263169e+00,-6.945045201050373862e+01
9.390913614280138599e-01,-4.740796317340518207e-01,-5.711591212093683367e+00
6.104427067704150389e-02,2.173529105604059541e+00,1.119932861519635594e+02
-6.358193527874624884e-01,-3.997552830868598972e-02,-1.453227647586623128e+01
7.358955411821689330e-01,6.981852262808638798e-01,5.005053467512258436e+01
-5.288435264792514662e-02,6.378631973147846912e-01,3.147526825446494314e+01
-2.970039191248804444e-01,-1.099446312177174923e+00,-6.187974879382400673e+01
-6.093260132225002297e-04,1.100322903495479093e-01,5.596823447325584233e+00
-8.761664232682495612e-01,1.752678194751726926e+00,7.212355225776045131e+01
-3.886161225231808403e-01,9.795607958281037086e-02,-2.643517074219850826e+00
-9.302886767312955330e-02,7.951574989570906471e-01,3.870431978990350785e+01
1.500598295390791703e+00,1.075131509744326364e+00,8.429229603261208581e+01
5.272785871043914607e-01,6.827386102355328390e-01,4.516360133763322438e+01
-9.461985999618059973e-01,2.325417786028660949e-01,-6.740249539007006518e+00
1.730154347881378840e-01,-1.846230158202472493e+00,-9.070998126878225776e+01
-8.403042430000606799e-01,7.604078796567466103e-01,2.224819413309251459e+01
1.487254970096549389e+00,-1.463671392705065522e+00,-4.538311773152689454e+01
6.753129583200316866e-01,-5.957907357193303888e-01,-1.709924560631209545e+01
1.585210923531059912e-01,-1.530829926886286607e+00,-7.491756715908556430e+01
4.501660222345342799e-01,-6.027544692251386449e-01,-2.187860420029338826e+01
-1.131273603849822340e+00,-7.313792674920541748e-01,-5.951219128165637784e+01
-6.681248244611204257e-01,8.277703112418151044e-01,2.906545140638372615e+01
-3.840007405809877650e-01,8.880655425157200078e-01,3.772230206302428002e+01
4.090462556092330226e-01,-7.295637426337731046e-01,-2.915064255549824423e+01
-1.136610146314777525e+00,-4.464101245776594951e-01,-4.509101364121266187e+01
2.361773555142894665e+00,9.954822435094126676e-02,5.148586721218253359e+01
-4.971332153879359783e-01,3.973297490161610268e-01,1.048430544805079734e+01
-2.657574538673589948e-01,-2.177376347624861097e+00,-1.162122383406855448e+02
-1.362195037027803757e+00,-2.034165184908081625e-01,-3.713762717251469780e+01
1.992100793518513102e-01,7.568685698162241904e-01,4.249539734172137884e+01
-4.804003132800798714e-01,-8.977062215279787427e-01,-5.520017226826351475e+01
-5.996991739200313587e-01,1.285630501181434134e-02,-1.112941930450980799e+01
7.782383948389498540e-01,-5.665256086609520292e-01,-1.358488230867750701e+01
6.977306991210160403e-01,-8.219102015543086059e-01,-2.818494909503170831e+01
-1.944305984560076084e+00,-1.157665816754662735e+00,-9.721875955512368250e+01
1.629509050710703066e+00,-1.477265951397596755e+00,-4.328063676120646619e+01
1.285460499244578836e+00,-1.086073544283005621e+00,-3.010089235340988623e+01
-1.493776283169930275e-01,-6.324022369350407180e-01,-3.517157430950356911e+01
2.363859117882166627e-01,-7.496849325691423704e-01,-3.356927059439954064e+01
2.713141988918007730e+00,-1.637153049992088993e+00,-3.013614192611710507e+01
-4.490662912986627398e-02,-2.407248142773880592e-02,-2.109538536227807626e+00
5.123952755811551629e-01,6.395639775134758231e-01,4.267033945150155461e+01
2.423298277849533777e-02,-6.519993000203668787e-01,-3.275887480830123621e+01
-3.467879859944414944e-01,2.072279091634690595e-01,3.748486058928682141e+00
-4.596085355955546459e-01,-7.017598406790088728e-01,-4.480339949115281684e+01
1.182971773943166438e+00,3.375467401308726023e-01,4.045285790317536367e+01
-6.788442367927121079e-01,-9.275439398203647601e-01,-6.062076774269541346e+01
9.469325863228226225e-01,-2.493942167444501978e-01,5.895635259848587495e+00
3.858085805297437054e-02,6.851438155744407621e-02,4.250616103841459825e+00
-1.096714548300111280e+00,2.434373336718406444e-01,-9.142664719658665007e+00
-2.051496952020263886e-01,-7.679845923112416095e-01,-4.317874670465342746e+01
2.294338098511346791e-01,1.151351215210168810e+00,6.319772666182018384e+01
-2.154032221064873520e-01,-1.133058338117458597e-01,-1.000857699523836075e+01
-1.684097720964614631e+00,-8.869801821525630237e-01,-7.830741920722567784e+01
8.778341331179060347e-01,1.800827123387653828e-01,2.642997509067347295e+01
6.440950195905510434e-01,1.117173035080597371e-01,1.835187525452602131e+01
-1.973262705117387883e+00,-4.917275726670584657e-01,-6.384218628410986440e+01
-3.183581705239192150e+00,-5.322479664533223964e-01,-8.969179590349381215e+01
1.034461283431721057e+00,-8.721794656274783897e-01,-2.413024806115841159e+01
8.441790739189106718e-01,-6.731041890517386328e-01,-1.772182199981219242e+01
-1.377905246329919620e-01,1.754632974059686656e+00,8.673310569125938230e+01
7.201083213242932546e-01,-7.269999617443930751e-01,-2.290723943874093038e+01
1.434469003133017617e-01,6.530930123273589460e-01,3.610972261792317539e+01
2.571403243869364363e+00,-6.171761371821279374e-01,1.907094254665062749e+01
-7.085698403375481069e-01,2.175287362595522911e+00,9.695913568620149192e+01
-8.700189583845115981e-01,8.331133756458218853e-01,2.537036431446777129e+01
-8.028613912827888000e-02,6.299670814092700466e-01,3.053429514305019410e+01
1.094935854993128954e+00,-9.399562107970791391e-01,-2.639671409028534299e+01
1.636148246982867538e-01,-4.347001893140771123e-01,-1.894323867565096009e+01
-6.657603701323968615e-01,-1.312149134945466977e-01,-1.977149676172166792e+01
-2.521289475848232930e-01,1.574156898251011905e+00,7.528662188654487863e+01
1.619461728660797073e+00,-6.678179067420817426e-03,3.148381581978124544e+01
6.174160620603891259e-01,-2.206154782218202326e-01,8.872382766783530883e-01
4.667197390323531425e-01,4.312191651615550625e-01,3.115257411297435652e+01
1.686482619719215759e+00,-1.563068169272058827e-01,2.517366540377698669e+01
3.383560066959198642e-01,5.276635250595632654e-01,3.354624834733928651e+01
-4.159474179606756916e-01,-8.472912853430917268e-01,-5.136374476945468359e+01
-5.390709433017862873e-01,1.685061687189436164e+00,7.530116370915639834e+01
-4.693545855707673131e-01,1.992975808745397759e-01,9.356742368305770441e-01
-7.408141131541268187e-01,-9.861442994568631049e-01,-6.482564577255757854e+01
-4.809694958604369130e-01,-4.931595917336576984e-01,-3.458995546494428908e+01
4.932997975502464438e-01,-2.217560036849771377e-01,-1.609922076894671150e+00
6.788539586133925940e-01,6.042269136578958255e-01,4.414016315374177424e+01
1.060993267116439487e+00,1.902808320567586975e+00,1.178436503233048711e+02
7.299292053100333577e-01,-1.240834524930295585e-01,8.018880581138802199e+00
-5.441897511852302749e-01,5.183377168080711694e-01,1.572786471652297990e+01
3.137709236318973471e-01,1.061240236833629752e-01,1.157552575730930755e+01
-1.176646106599557484e+00,-7.014289887072456819e-01,-5.887712297077712975e+01
-1.372520218358998179e+00,-8.370632851488560844e-01,-6.964010452704913234e+01
-1.283174007360066669e-02,2.316506357509157787e+00,1.178296773791756351e+02
1.109533042538104475e+00,1.276077305978717602e+00,8.685045931569379718e+01
8.851446741091326675e-01,-5.024238851252863514e-01,-8.216526726139875336e+00
6.059039170550928333e-01,2.965688672370679901e-01,2.702402026155322545e+01
-3.084905249940312344e-01,3.131141268162080382e-01,9.898528944663102180e+00
-1.784679804849517160e-01,2.226747148573512192e+00,1.099993452049831859e+02
-8.941567528363095763e-01,1.220437328690984619e-01,-1.135010801979376183e+01
-1.134466907118636625e+00,1.090907744097813881e+00,3.331450392476041600e+01
1.255077038027234027e+00,-5.809237471212087556e-01,-4.948403102684615362e+00
1.818624520327278615e+00,-5.663525703960496926e-01,6.868686421823287702e+00
-2.215751994007895131e-01,-7.628446830693456082e-01,-4.323952392330414796e+01
5.243067679648359958e-01,4.340104514304815586e-01,3.242650680468926083e+01
-5.760333096942401587e-01,1.214441761262185393e+00,5.058538303794703950e+01
8.967653091304408908e-02,-7.728885781038616898e-01,-3.763505866605393635e+01
1.539790234841041938e+00,-1.418624559814617714e-01,2.302728471049148595e+01
-1.789630105728517773e+00,3.876947012612280141e-01,-1.540583857794979394e+01
-1.318863730916901567e+00,2.227551858524128292e+00,8.763031558955981382e+01
1.889100538349546832e-01,-3.345711169508552296e-01,-1.334216947557422372e+01
1.456726758994124626e+00,2.062794001990239767e+00,1.337753817323354610e+02
-1.885191461732347307e-01,8.946637366672677283e-01,4.190007055058941177e+01
1.453110790673937558e+00,-3.260642620498778177e-01,1.193441494083925747e+01
-6.382804740198475546e-01,5.514935866945561704e-01,1.556896777485173722e+01
-2.231205444113097680e-01,7.747679328366434692e-01,3.510853332308099084e+01
1.812496957089690275e+00,-4.598599436292885589e-01,1.217663917158938958e+01
-7.051155995764660789e-01,8.002178230220533539e-01,2.693407800704575195e+01
9.073293761178587991e-01,3.761649078580848321e-02,1.974750156994840466e+01
1.607844297213767870e+00,4.940606233484078902e-01,5.678023199140261568e+01
-1.759281078503754259e+00,6.299230601058006807e-01,-2.462072835313833252e+00
3.623760801220424765e-01,-9.354912949692462121e-01,-4.056473599615996761e+01
9.755692756652518671e-01,6.796925462327135792e-02,2.263569667293727505e+01
-4.345635305080058908e-01,3.533332442188793499e-01,9.471187173202384457e+00
-4.629858230038758071e-01,3.334184888906593369e-01,7.897520607085194655e+00
-2.785571425279994018e-01,2.158675558289448460e-01,5.529696512506724559e+00
-1.602818194295654308e+00,-9.704115421475045800e-01,-8.096302461386156324e+01
-1.295425238623501230e+00,-3.337083231909327985e-01,-4.246703409980186450e+01
1.254114776077410731e+00,-3.007346796462889160e-01,9.315073969482902783e+00
-5.751361646267307837e-01,-4.985197086734985406e-01,-3.671366273717608664e+01
2.951032931719158592e-01,-1.719488010856495386e+00,-8.185025125476853702e+01
4.556739100094647221e-01,-4.683810752600716665e-01,-1.492080473533546936e+01
3.721670235713352981e-01,6.209589833682085391e-01,3.896632492689538196e+01
1.145794047898497370e+00,9.090928855654862861e-01,6.885632661383250763e+01
2.620638359851181765e-01,-3.545852749758507949e-01,-1.292481979662980685e+01
1.342548623140051023e-01,9.127861793333686968e-01,4.916671525087205907e+01
-1.349240399289062253e+00,-1.124575728013464726e+00,-8.383831919606878103e+01
-5.053914620489704523e-01,-2.179432523404347677e+00,-1.210261257097993592e+02
1.113687877570318063e+00,7.464015551072901156e-01,5.993235978494141136e+01
1.386294307942115833e-01,-1.267123163879181114e+00,-6.186624460910163492e+01
7.442671261570400765e-02,2.325752001801198732e-01,1.331788033256521508e+01
-1.594618168747707454e+00,-1.654414436203661687e+00,-1.156683194443384082e+02
-8.872050804971022275e-01,-4.151185405370188541e-01,-3.859486535302814758e+01
5.349291833131473162e-01,-5.793172014883706256e-01,-1.901821978673607560e+01
4.610959349603336865e-01,5.003028003499027099e-01,3.456353647480360536e+01
1.628098484530793755e+00,2.014453330350426175e+00,1.346789049496780706e+02
-3.574468092418844334e-01,5.671342987162263788e-02,-4.133312393609680946e+00
3.992476777348232253e-01,2.934808571538889965e-01,2.280558601931069518e+01
1.036628893757399528e+00,3.769031217744215345e-01,3.958321329458843252e+01
1.066588216064814798e+00,4.010610476490112930e-01,4.140337602719779397e+01
-1.751577655605096151e+00,1.352266281428898376e+00,3.451010632234252995e+01
-1.830747191632168813e-01,-4.642250448472383662e-01,-2.726107810812226617e+01
-1.459903404871227606e+00,-1.736855320231084354e+00,-1.172233741904751696e+02
-1.203810784134302370e-01,1.561542541893120362e+00,7.723260901436309211e+01
-1.161692780134222364e-01,2.473081173327362492e-01,1.032345369133214597e+01
9.070912998193206844e-01,-2.782842414220138005e-01,3.640066408886413640e+00
-9.496193179047890398e-01,-1.673445316701136221e-01,-2.719131672890335949e+01
3.698952029597250557e-01,1.522504034049507737e-01,1.502968133649380533e+01
-1.836006824092621725e+00,-3.358393178666125301e-01,-5.319869099516682098e+01
-2.730630742477861972e-01,-4.635770902431124441e-01,-2.899642079204058831e+01
6.519062343832515705e-01,3.861755627828962756e-01,3.249563812266990226e+01
1.784061729668995788e+00,-1.747336871893262200e-01,2.615191059959588671e+01
-7.989541063694362011e-01,-1.860690411291859858e+00,-1.105473657465633295e+02
6.186067506837873431e-01,-1.071394366383009222e+00,-4.245705467099553942e+01
-8.807802815434161436e-01,6.253034126046964625e-01,1.456596569163892596e+01
2.569596236946010137e-01,5.574362703416438913e-01,3.346435760355787181e+01
-8.964300645730011174e-01,9.697458068900728367e-01,3.181607233249830102e+01
-7.889230630983404824e-01,1.096086106298552520e+00,4.036878840003334545e+01
-9.169639371742397405e-01,-9.350546455252954636e-02,-2.278572179213071891e+01
-1.208547144648212557e+00,3.704418939739579919e-01,-4.866356391368537260e+00
-7.196575622884741064e-01,-1.354453332053097703e-01,-2.104627858091375714e+01
1.417639301999725543e+00,-7.207824983177751887e-01,-8.883047716653436510e+00
-3.011890227622113780e-01,-4.973268628569999517e-01,-3.126949147466267576e+01
1.129496465877396771e-01,-1.170571165988135487e+00,-5.744922946591568547e+01
-4.008570495653501764e-01,8.337870579525200609e-01,3.462425967955091011e+01
-4.120333915761965615e-01,-1.364275785856874812e+00,-7.763965134647395416e+01
-9.190390040744396138e-01,-2.625974665872318203e-01,-3.144581242601944382e+01
1.341745041150590678e+00,3.169961292855254520e-01,4.252538079857834674e+01
-7.632566605897018741e-01,-6.337128707933646909e-01,-4.730179066464800997e+01
-4.178544512437633029e-01,1.173143564237775077e-01,-2.231312046604711163e+00
-1.136206537451468712e+00,-3.025843590489523116e+00,-1.765673913669967874e+02
2.144232702711943161e-01,-4.605435107453848542e-01,-1.926213617425944946e+01
2.138620762272291476e+00,-1.136372057025862192e+00,-1.589926280967343786e+01
-2.467228320161333477e-01,1.662188568716306269e-01,3.624478304378273563e+00
-8.948036398904749555e-01,-8.746639540319113282e-01,-6.216910110605149953e+01
-1.671881179541656826e+00,1.220765521241348406e+00,2.937309761259681551e+01
7.349243880036132603e-01,4.292269310111285208e-01,3.632154238582389638e+01
8.986843127636796602e-01,2.092421331861334943e-01,2.832607972933966067e+01
8.453434863144407840e-01,9.002208585275267572e-02,2.120073790925889057e+01
-3.262120562494667531e-01,-1.059737342991669135e-01,-1.181234702877367937e+01
-1.417926480226743058e+00,-1.992187280889319734e+00,-1.294137986336643564e+02
-8.521627577380512797e-01,-1.913980621128068993e+00,-1.143093958024657866e+02
-9.907208453838127760e-01,-2.619347726030767376e-01,-3.282066036060875547e+01
2.606089375712805634e-01,7.915404504169866184e-01,4.546932145514752222e+01
3.074835639617675920e+00,-1.097477094515789897e+00,4.481040041013997666e+00
-2.478184695022303541e-01,-2.119162421672359908e+00,-1.128923145802444452e+02
4.706324518825142356e-01,7.455585762266335806e-03,9.628494627475397749e+00
7.361527224510980849e-01,8.727280054875703463e-01,5.895275030895258084e+01
-8.759174944005375385e-03,1.667650714524280930e+00,8.483487296833241942e+01
-1.291486283419198022e+00,7.245817662486068178e-01,1.155575957475502946e+01
6.479302046830578421e-01,-3.150712794429179064e-01,-3.327924582786266683e+00
1.001786309386170526e+00,-3.492402476378751452e-01,1.884010188363209437e+00
-1.109621260268000231e+00,-6.062412753891319728e-01,-5.270790157825472022e+01
1.371810920918797860e-01,1.029451337358848306e+00,5.517112079960084969e+01
5.775067060982198575e-01,1.707011249235631301e+00,9.836201968371572946e+01
6.822395358512981511e-01,3.234878261190970994e-01,2.989627015119623721e+01
4.912032651326326271e-01,2.974289581931319759e-01,2.481386683045630193e+01
-2.579755605542748409e-01,-1.082962614633886211e+00,-6.027255629024845973e+01
1.840284340604676494e-01,-1.420331350215075839e+00,-6.878375352195116932e+01
-1.180769170709045357e-01,2.230274704289278709e-01,9.048282241022539196e+00
4.238913192490729315e-02,-1.540458130780604451e+00,-7.769047882921098847e+01
2.040157131362979381e+00,1.236664846168255005e-01,4.639515231651124338e+01
-1.380784829806252223e-01,7.484375555391994395e-01,3.543753733872873113e+01
2.124202346471794067e-01,-1.494933791136402235e+00,-7.202861552302206860e+01
2.184273642876440602e-01,1.549073832518699234e+00,8.325499168091208446e+01
7.901601762920754668e-01,1.070083026884205868e+00,7.007405237500361750e+01
